{"numFailedTestSuites":0,"numFailedTests":0,"numPassedTestSuites":1,"numPassedTests":12,"numPendingTestSuites":0,"numPendingTests":0,"numRuntimeErrorTestSuites":0,"numTodoTests":0,"numTotalTestSuites":1,"numTotalTests":12,"openHandles":[],"snapshot":{"added":0,"didUpdate":false,"failure":false,"filesAdded":0,"filesRemoved":0,"filesRemovedList":[],"filesUnmatched":0,"filesUpdated":0,"matched":0,"total":0,"unchecked":0,"uncheckedKeysByFile":[],"unmatched":0,"updated":0},"startTime":1719637232763,"success":true,"testResults":[{"assertionResults":[{"ancestorTitles":[],"duration":151,"failureDetails":[],"failureMessages":[],"fullName":"Challenge 1.1: image'lara mouseenter eventleri doğru şekilde eklenmiş","invocations":1,"location":null,"numPassingAsserts":4,"retryReasons":[],"status":"passed","title":"Challenge 1.1: image'lara mouseenter eventleri doğru şekilde eklenmiş"},{"ancestorTitles":[],"duration":59,"failureDetails":[],"failureMessages":[],"fullName":"Challenge 1.2: image'lara mouseleave eventleri doğru şekilde eklenmiş","invocations":1,"location":null,"numPassingAsserts":8,"retryReasons":[],"status":"passed","title":"Challenge 1.2: image'lara mouseleave eventleri doğru şekilde eklenmiş"},{"ancestorTitles":[],"duration":42,"failureDetails":[],"failureMessages":[],"fullName":"Challenge 2.1: sayfa'da 1 tuşuna basınca theme1(turkuaz) aktif oluyor","invocations":1,"location":null,"numPassingAsserts":1,"retryReasons":[],"status":"passed","title":"Challenge 2.1: sayfa'da 1 tuşuna basınca theme1(turkuaz) aktif oluyor"},{"ancestorTitles":[],"duration":37,"failureDetails":[],"failureMessages":[],"fullName":"Challenge 2.2: sayfa'da 2 tuşuna basınca theme2(yeşil) aktif oluyor","invocations":1,"location":null,"numPassingAsserts":1,"retryReasons":[],"status":"passed","title":"Challenge 2.2: sayfa'da 2 tuşuna basınca theme2(yeşil) aktif oluyor"},{"ancestorTitles":[],"duration":35,"failureDetails":[],"failureMessages":[],"fullName":"Challenge 2.3: sayfa'da 3 tuşuna basınca theme3(pembe) aktif oluyor","invocations":1,"location":null,"numPassingAsserts":1,"retryReasons":[],"status":"passed","title":"Challenge 2.3: sayfa'da 3 tuşuna basınca theme3(pembe) aktif oluyor"},{"ancestorTitles":[],"duration":35,"failureDetails":[],"failureMessages":[],"fullName":"Challenge 2.4: sayfa'da ESC tuşuna basınca theme sıfırlanıyor.","invocations":1,"location":null,"numPassingAsserts":2,"retryReasons":[],"status":"passed","title":"Challenge 2.4: sayfa'da ESC tuşuna basınca theme sıfırlanıyor."},{"ancestorTitles":[],"duration":36,"failureDetails":[],"failureMessages":[],"fullName":"Challenge 3.1: input alanına karakterler girince büyük harfe dönüşüyor","invocations":1,"location":null,"numPassingAsserts":1,"retryReasons":[],"status":"passed","title":"Challenge 3.1: input alanına karakterler girince büyük harfe dönüşüyor"},{"ancestorTitles":[],"duration":35,"failureDetails":[],"failureMessages":[],"fullName":"Challenge 3.2: input alanına 5 karakterden fazla girilince input alanı enabled oluyor","invocations":1,"location":null,"numPassingAsserts":1,"retryReasons":[],"status":"passed","title":"Challenge 3.2: input alanına 5 karakterden fazla girilince input alanı enabled oluyor"},{"ancestorTitles":[],"duration":65,"failureDetails":[],"failureMessages":[],"fullName":"Challenge 3.3: input alanına 5 karakterden az girilince input alanı disabled oluyor","invocations":1,"location":null,"numPassingAsserts":2,"retryReasons":[],"status":"passed","title":"Challenge 3.3: input alanına 5 karakterden az girilince input alanı disabled oluyor"},{"ancestorTitles":[],"duration":44,"failureDetails":[],"failureMessages":[],"fullName":"Challenge 4.1: form submit edildiğinde submitResult id'li paragrafta doğru metni gösteriyor","invocations":1,"location":null,"numPassingAsserts":1,"retryReasons":[],"status":"passed","title":"Challenge 4.1: form submit edildiğinde submitResult id'li paragrafta doğru metni gösteriyor"},{"ancestorTitles":[],"duration":39,"failureDetails":[],"failureMessages":[],"fullName":"Challenge 4.2: form submit edildiğinde input alanı sıfırlanıyor","invocations":1,"location":null,"numPassingAsserts":1,"retryReasons":[],"status":"passed","title":"Challenge 4.2: form submit edildiğinde input alanı sıfırlanıyor"},{"ancestorTitles":[],"duration":36,"failureDetails":[],"failureMessages":[],"fullName":"Challenge 4.3: form submit edildiğinde kaydet buton'u tekrar disabled oluyor","invocations":1,"location":null,"numPassingAsserts":2,"retryReasons":[],"status":"passed","title":"Challenge 4.3: form submit edildiğinde kaydet buton'u tekrar disabled oluyor"}],"endTime":1719637236436,"message":"","name":"/home/projects/vitejs-vite-da31aq/index.test.js","startTime":1719637233031,"status":"passed","summary":""}],"wasInterrupted":false}
